Mass DM,SSHH,omega
10,0.1717,0.132
11,0.1685,0.132
12,0.1662,0.132
13,0.1643,0.132
14,0.16269999999999998,0.132
15,0.1612,0.132
16,0.1598,0.132
17,0.1585,0.132
18,0.157,0.132
19,0.1556,0.132
20,0.1541,0.132
21,0.1524,0.132
22,0.1507,0.132
23,0.1489,0.132
24,0.147,0.132
25,0.145,0.132
26,0.1429,0.132
27,0.1407,0.132
28,0.1383,0.132
29,0.1361,0.132
30,0.1341,0.131
31,0.1311,0.132
32,0.1281,0.132
33,0.1251,0.132
34,0.1221,0.132
35,0.11910000000000001,0.132
36,0.11610000000000001,0.132
37,0.1131,0.131
38,0.1091,0.132
39,0.1061,0.131
40,0.10210000000000001,0.131
41,0.0981,0.132
42,0.0941,0.132
43,0.0901,0.132
44,0.08610000000000001,0.132
45,0.0821,0.131
46,0.0771,0.132
47,0.0731,0.13
48,0.0671,0.131
49,0.0601,0.13
50,0.049100000000000005,0.131
51,0.0311,0.132
52,0.015099999999999999,0.125
53,0.0081,0.123
54,0.0051,0.109
55,0.0031,0.114
57,0.0011,0.123
58,0.0007000000000000001,0.126
60,0.00030000000000000003,0.124
61,0.0002,0.11
,,
63,0.004900000000000001,0.13
64,0.0106,0.13
65,0.0154,0.131
66,0.0197,0.131
67,0.0235,0.132
68,0.0268,0.132
69,0.0297,0.132
70,0.03200000000000001,0.132
71,0.033800000000000004,0.132
72,0.03490000000000001,0.132
73,0.0352,0.132
74,0.03490000000000001,0.132
75,0.03370000000000001,0.132
76,0.03150000000000001,0.132
77,0.0287,0.132
78,0.0254,0.132
79,0.0221,0.132
80,0.0193,0.132
81,0.0177,0.132
82,0.017,0.132
83,0.0166,0.132
84,0.0163,0.132
85,0.0163,0.132
86,0.0164,0.131
87,0.0164,0.132
88,0.0165,0.132
89,0.0165,0.132
90,0.0164,0.132
91,0.0163,0.132
92,0.0162,0.132
93,0.0162,0.132
94,0.0163,0.131
95,0.0164,0.131
96,0.0165,0.132
97,0.0166,0.132
98,0.0168,0.131
99,0.016900000000000002,0.132
100,0.0171,0.132
101,0.0173,0.132
102,0.0175,0.131
103,0.0176,0.132
104,0.0178,0.132
105,0.018,0.132
106,0.0182,0.131
107,0.0184,0.131
108,0.0185,0.132
109,0.0187,0.132
110,0.0188,0.132
111,0.019,0.132
112,0.019200000000000002,0.132
113,0.0194,0.132
114,0.0196,0.132
115,0.0198,0.132
116,0.02,0.131
117,0.0201,0.132
118,0.020300000000000002,0.132
119,0.0204,0.132
120,0.0206,0.131
121,0.0207,0.131
122,0.0207,0.132
123,0.0207,0.131
124,0.0205,0.132
125,0.0201,0.132
126,0.0198,0.132
127,0.0197,0.132
128,0.0197,0.132
129,0.0197,0.132
130,0.0197,0.132
131,0.0197,0.132
132,0.0198,0.132
133,0.0198,0.132
134,0.0199,0.132
135,0.02,0.132
136,0.0201,0.132
137,0.0202,0.132
138,0.020300000000000002,0.132
139,0.0204,0.132
140,0.0205,0.132
141,0.0206,0.132
142,0.0207,0.132
143,0.020900000000000002,0.131
144,0.021,0.132
145,0.0211,0.132
146,0.0212,0.132
147,0.0213,0.132
148,0.021500000000000002,0.132
149,0.0216,0.132
150,0.0217,0.132
151,0.0219,0.132
152,0.022,0.132
153,0.0221,0.132
154,0.0223,0.132
155,0.0224,0.132
156,0.022600000000000002,0.131
157,0.0227,0.132
158,0.0228,0.132
159,0.023,0.132
160,0.0231,0.132
161,0.0233,0.131
162,0.0234,0.132
163,0.0235,0.132
164,0.0237,0.132
165,0.0238,0.132
166,0.024,0.132
167,0.0241,0.132
168,0.0242,0.132
169,0.0244,0.132
170,0.0245,0.132
171,0.0246,0.132
172,0.0248,0.132
173,0.024900000000000002,0.132
174,0.025,0.132
175,0.0251,0.132
176,0.0252,0.132
177,0.0253,0.132
178,0.0254,0.132
179,0.0254,0.132
180,0.025500000000000002,0.132
181,0.0256,0.132
182,0.0257,0.132
183,0.0258,0.132
184,0.0259,0.132
185,0.026000000000000002,0.132
186,0.026000000000000002,0.132
187,0.0261,0.132
188,0.0262,0.132
189,0.0263,0.132
190,0.0264,0.132
191,0.0265,0.132
192,0.026600000000000002,0.132
193,0.0267,0.132
194,0.0268,0.132
195,0.0269,0.132
196,0.027,0.132
197,0.0271,0.132
198,0.027200000000000002,0.132
199,0.0273,0.132
200,0.03,0.112
202,0.03,0.113
204,0.03,0.115
206,0.03,0.117
208,0.03,0.118
210,0.03,0.12
212,0.03,0.122
214,0.03,0.124
216,0.03,0.126
218,0.03,0.128
220,0.03,0.13
222,0.03,0.132
266,0.04,0.108
268,0.04,0.11
270,0.04,0.112
272,0.04,0.113
274,0.04,0.115
276,0.04,0.117
278,0.04,0.118
280,0.04,0.12
282,0.04,0.122
284,0.04,0.123
286,0.04,0.125
288,0.04,0.127
290,0.04,0.129
292,0.04,0.131
294,0.04,0.132
328,0.05,0.109
330,0.05,0.11
332,0.05,0.111
334,0.05,0.113
336,0.05,0.114
338,0.05,0.116
340,0.05,0.117
342,0.05,0.118
344,0.05,0.12
346,0.05,0.121
348,0.05,0.123
350,0.05,0.124
352,0.05,0.126
354,0.05,0.127
356,0.05,0.129
358,0.05,0.13
360,0.05,0.132
386,0.060000000000000005,0.108
388,0.060000000000000005,0.109
390,0.060000000000000005,0.11
392,0.060000000000000005,0.111
394,0.060000000000000005,0.112
396,0.060000000000000005,0.113
398,0.060000000000000005,0.114
400,0.060000000000000005,0.116
402,0.060000000000000005,0.117
404,0.060000000000000005,0.118
406,0.060000000000000005,0.119
408,0.060000000000000005,0.12
410,0.060000000000000005,0.122
412,0.060000000000000005,0.123
414,0.060000000000000005,0.124
416,0.060000000000000005,0.125
418,0.060000000000000005,0.126
420,0.060000000000000005,0.128
422,0.060000000000000005,0.129
424,0.060000000000000005,0.13
426,0.060000000000000005,0.131
446,0.06999999999999999,0.108
448,0.06999999999999999,0.109
450,0.06999999999999999,0.11
452,0.06999999999999999,0.111
454,0.06999999999999999,0.112
456,0.06999999999999999,0.113
458,0.06999999999999999,0.114
460,0.06999999999999999,0.115
462,0.06999999999999999,0.116
464,0.06999999999999999,0.117
466,0.06999999999999999,0.118
468,0.06999999999999999,0.119
470,0.06999999999999999,0.12
472,0.06999999999999999,0.121
474,0.06999999999999999,0.122
476,0.06999999999999999,0.123
478,0.06999999999999999,0.124
480,0.06999999999999999,0.125
482,0.06999999999999999,0.126
484,0.06999999999999999,0.127
486,0.06999999999999999,0.128
488,0.06999999999999999,0.129
490,0.06999999999999999,0.13
492,0.06999999999999999,0.131
494,0.06999999999999999,0.132
506,0.08,0.108
508,0.08,0.108
510,0.08,0.109
512,0.08,0.11
514,0.08,0.111
516,0.08,0.112
518,0.08,0.113
520,0.08,0.114
522,0.08,0.115
524,0.08,0.115
526,0.08,0.116
528,0.08,0.117
530,0.08,0.118
532,0.08,0.119
534,0.08,0.12
536,0.08,0.121
538,0.08,0.122
540,0.08,0.122
542,0.08,0.123
544,0.08,0.124
546,0.08,0.125
548,0.08,0.126
550,0.08,0.127
552,0.08,0.128
554,0.08,0.129
556,0.08,0.13
558,0.08,0.131
560,0.08,0.132
568,0.09,0.108
570,0.09,0.109
572,0.09,0.11
574,0.09,0.11
576,0.09,0.111
578,0.09,0.112
580,0.09,0.113
582,0.09,0.114
584,0.09,0.114
586,0.09,0.115
588,0.09,0.116
590,0.09,0.117
592,0.09,0.117
594,0.09,0.118
596,0.09,0.119
598,0.09,0.12
600,0.09,0.121
602,0.09,0.121
604,0.09,0.122
606,0.09,0.123
608,0.09,0.124
610,0.09,0.125
612,0.09,0.125
614,0.09,0.126
616,0.09,0.127
618,0.09,0.128
620,0.09,0.129
622,0.09,0.129
624,0.09,0.13
626,0.09,0.131
628,0.09,0.132
630,0.09999999999999999,0.109
632,0.09999999999999999,0.109
634,0.09999999999999999,0.11
636,0.09999999999999999,0.111
638,0.09999999999999999,0.111
640,0.09999999999999999,0.112
642,0.09999999999999999,0.113
644,0.09999999999999999,0.113
646,0.09999999999999999,0.114
648,0.09999999999999999,0.115
650,0.09999999999999999,0.115
652,0.09999999999999999,0.116
654,0.09999999999999999,0.117
656,0.09999999999999999,0.117
658,0.09999999999999999,0.118
660,0.09999999999999999,0.119
662,0.09999999999999999,0.12
664,0.09999999999999999,0.12
666,0.09999999999999999,0.121
668,0.09999999999999999,0.122
670,0.09999999999999999,0.122
672,0.09999999999999999,0.123
674,0.09999999999999999,0.124
676,0.09999999999999999,0.125
678,0.09999999999999999,0.125
680,0.09999999999999999,0.126
682,0.09999999999999999,0.127
684,0.09999999999999999,0.127
686,0.09999999999999999,0.128
688,0.09999999999999999,0.129
690,0.09999999999999999,0.13
692,0.09999999999999999,0.13
694,0.09999999999999999,0.131
696,0.09999999999999999,0.132
698,0.11,0.111
700,0.11,0.111
702,0.11,0.112
704,0.11,0.112
706,0.11,0.113
708,0.11,0.114
710,0.11,0.114
712,0.11,0.115
714,0.11,0.116
716,0.11,0.116
718,0.11,0.117
720,0.11,0.118
722,0.11,0.118
724,0.11,0.119
726,0.11,0.119
728,0.11,0.12
730,0.11,0.121
732,0.11,0.121
734,0.11,0.122
736,0.11,0.123
738,0.11,0.123
740,0.11,0.124
742,0.11,0.125
744,0.11,0.125
746,0.11,0.126
748,0.11,0.127
750,0.11,0.127
752,0.11,0.128
754,0.11,0.128
756,0.11,0.129
758,0.11,0.13
760,0.11,0.13
762,0.11,0.131
764,0.11,0.132
766,0.11,0.132
768,0.12,0.113
770,0.12,0.113
772,0.12,0.114
774,0.12,0.115
776,0.12,0.115
778,0.12,0.116
780,0.12,0.116
782,0.12,0.117
784,0.12,0.117
786,0.12,0.118
788,0.12,0.119
790,0.12,0.119
792,0.12,0.12
794,0.12,0.12
796,0.12,0.121
798,0.12,0.121
800,0.12,0.122
802,0.12,0.123
804,0.12,0.123
806,0.12,0.124
808,0.12,0.124
810,0.12,0.125
812,0.12,0.126
814,0.12,0.126
816,0.12,0.127
818,0.12,0.127
820,0.12,0.128
822,0.12,0.129
824,0.12,0.129
826,0.12,0.13
828,0.12,0.13
830,0.12,0.131
832,0.12,0.132
834,0.12,0.132
836,0.13,0.114
838,0.13,0.115
840,0.13,0.115
842,0.13,0.116
844,0.13,0.116
846,0.13,0.117
848,0.13,0.117
850,0.13,0.118
852,0.13,0.118
854,0.13,0.119
856,0.13,0.119
858,0.13,0.12
860,0.13,0.12
862,0.13,0.121
864,0.13,0.122
866,0.13,0.122
868,0.13,0.123
870,0.13,0.123
872,0.13,0.124
874,0.13,0.124
876,0.13,0.125
878,0.13,0.125
880,0.13,0.126
882,0.13,0.127
884,0.13,0.127
886,0.13,0.128
888,0.13,0.128
890,0.13,0.129
892,0.13,0.129
894,0.13,0.13
896,0.13,0.13
898,0.13,0.131
900,0.13,0.132
902,0.13,0.132
904,0.14,0.115
906,0.14,0.116
908,0.14,0.116
910,0.14,0.117
912,0.14,0.117
914,0.14,0.118
916,0.14,0.118
918,0.14,0.119
920,0.14,0.119
922,0.14,0.12
924,0.14,0.12
926,0.14,0.121
928,0.14,0.121
930,0.14,0.122
932,0.14,0.122
934,0.14,0.123
936,0.14,0.123
938,0.14,0.124
940,0.14,0.124
942,0.14,0.125
944,0.14,0.125
946,0.14,0.126
948,0.14,0.126
950,0.14,0.127
952,0.14,0.127
954,0.14,0.128
956,0.14,0.128
958,0.14,0.129
960,0.14,0.129
962,0.14,0.13
964,0.14,0.13
966,0.14,0.131
968,0.14,0.131
970,0.14,0.132
972,0.14,0.132
974,0.15000000000000002,0.117
976,0.15000000000000002,0.117
978,0.15000000000000002,0.117
980,0.15000000000000002,0.118
982,0.15000000000000002,0.118
984,0.15000000000000002,0.119
986,0.15000000000000002,0.119
988,0.15000000000000002,0.12
990,0.15000000000000002,0.12
992,0.15000000000000002,0.121
994,0.15000000000000002,0.121
996,0.15000000000000002,0.122
998,0.15000000000000002,0.122
1000,0.15000000000000002,0.123
1002,0.15000000000000002,0.123
1004,0.15000000000000002,0.124
1006,0.15000000000000002,0.124
1008,0.15000000000000002,0.124
1010,0.15000000000000002,0.125
1012,0.15000000000000002,0.125
1014,0.15000000000000002,0.126
1016,0.15000000000000002,0.126
1018,0.15000000000000002,0.127
1020,0.15000000000000002,0.127
1022,0.15000000000000002,0.128
1024,0.15000000000000002,0.128
1026,0.15000000000000002,0.129
1028,0.15000000000000002,0.129
1030,0.15000000000000002,0.13
1032,0.15000000000000002,0.13
1034,0.15000000000000002,0.131
1036,0.15000000000000002,0.131
1038,0.15000000000000002,0.132
1040,0.15000000000000002,0.132
1042,0.16,0.117
1044,0.16,0.118
1046,0.16,0.118
1048,0.16,0.119
1050,0.16,0.119
1052,0.16,0.119
1054,0.16,0.12
1056,0.16,0.12
1058,0.16,0.121
1060,0.16,0.121
1062,0.16,0.122
1064,0.16,0.122
1066,0.16,0.123
1068,0.16,0.123
1070,0.16,0.123
1072,0.16,0.124
1074,0.16,0.124
1076,0.16,0.125
1078,0.16,0.125
1080,0.16,0.126
1082,0.16,0.126
1084,0.16,0.127
1086,0.16,0.127
1088,0.16,0.127
1090,0.16,0.128
1092,0.16,0.128
1094,0.16,0.129
1096,0.16,0.129
1098,0.16,0.13
1100,0.16,0.13
1102,0.16,0.131
1104,0.16,0.131
1106,0.16,0.131
1108,0.16,0.132
1110,0.16,0.132
1112,0.17,0.118
1114,0.17,0.119
1116,0.17,0.119
1118,0.17,0.12
1120,0.17,0.12
1122,0.17,0.12
1124,0.17,0.121
1126,0.17,0.121
1128,0.17,0.122
1130,0.17,0.122
1132,0.17,0.122
1134,0.17,0.123
1136,0.17,0.123
1138,0.17,0.124
1140,0.17,0.124
1142,0.17,0.125
1144,0.17,0.125
1146,0.17,0.125
1148,0.17,0.126
1150,0.17,0.126
1152,0.17,0.127
1154,0.17,0.127
1156,0.17,0.127
1158,0.17,0.128
1160,0.17,0.128
1162,0.17,0.129
1164,0.17,0.129
1166,0.17,0.13
1168,0.17,0.13
1170,0.17,0.13
1172,0.17,0.131
1174,0.17,0.131
1176,0.17,0.132
1178,0.17,0.132
1180,0.18000000000000002,0.119
1182,0.18000000000000002,0.119
1184,0.18000000000000002,0.12
1186,0.18000000000000002,0.12
1188,0.18000000000000002,0.12
1190,0.18000000000000002,0.121
1192,0.18000000000000002,0.121
1194,0.18000000000000002,0.122
1196,0.18000000000000002,0.122
1198,0.18000000000000002,0.122
1200,0.18000000000000002,0.123
1202,0.18000000000000002,0.123
1204,0.18000000000000002,0.124
1206,0.18000000000000002,0.124
1208,0.18000000000000002,0.124
1210,0.18000000000000002,0.125
1212,0.18000000000000002,0.125
1214,0.18000000000000002,0.126
1216,0.18000000000000002,0.126
1218,0.18000000000000002,0.126
1220,0.18000000000000002,0.127
1222,0.18000000000000002,0.127
1224,0.18000000000000002,0.128
1226,0.18000000000000002,0.128
1228,0.18000000000000002,0.128
1230,0.18000000000000002,0.129
1232,0.18000000000000002,0.129
1234,0.18000000000000002,0.13
1236,0.18000000000000002,0.13
1238,0.18000000000000002,0.13
1240,0.18000000000000002,0.131
1242,0.18000000000000002,0.131
1244,0.18000000000000002,0.132
1246,0.18000000000000002,0.132
1248,0.18000000000000002,0.132
1250,0.19,0.12
1252,0.19,0.12
1254,0.19,0.12
1256,0.19,0.121
1258,0.19,0.121
1260,0.19,0.122
1262,0.19,0.122
1264,0.19,0.122
1266,0.19,0.123
1268,0.19,0.123
1270,0.19,0.123
1272,0.19,0.124
1274,0.19,0.124
1276,0.19,0.125
1278,0.19,0.125
1280,0.19,0.125
1282,0.19,0.126
1284,0.19,0.126
1286,0.19,0.126
1288,0.19,0.127
1290,0.19,0.127
1292,0.19,0.128
1294,0.19,0.128
1296,0.19,0.128
1298,0.19,0.129
1300,0.19,0.129
1302,0.19,0.129
1304,0.19,0.13
1306,0.19,0.13
1308,0.19,0.131
1310,0.19,0.131
1312,0.19,0.131
1314,0.19,0.132
1316,0.19,0.132
1318,0.2,0.12
1320,0.2,0.121
1322,0.2,0.121
1324,0.2,0.121
1326,0.2,0.122
1328,0.2,0.122
1330,0.2,0.122
1332,0.2,0.123
1334,0.2,0.123
1336,0.2,0.123
1338,0.2,0.124
1340,0.2,0.124
1342,0.2,0.124
1344,0.2,0.125
1346,0.2,0.125
1348,0.2,0.125
1350,0.2,0.126
1352,0.2,0.126
1354,0.2,0.127
1356,0.2,0.127
1358,0.2,0.127
1360,0.2,0.128
1362,0.2,0.128
1364,0.2,0.128
1366,0.2,0.129
1368,0.2,0.129
1370,0.2,0.129
1372,0.2,0.13
1374,0.2,0.13
1376,0.2,0.131
1378,0.2,0.131
1380,0.2,0.131
1382,0.2,0.132
1384,0.2,0.132
1386,0.2,0.132
1388,0.21000000000000002,0.121
1390,0.21000000000000002,0.121
1392,0.21000000000000002,0.122
1394,0.21000000000000002,0.122
1396,0.21000000000000002,0.122
1398,0.21000000000000002,0.123
1400,0.21000000000000002,0.123
1402,0.21000000000000002,0.123
1404,0.21000000000000002,0.124
1406,0.21000000000000002,0.124
1408,0.21000000000000002,0.124
1410,0.21000000000000002,0.125
1412,0.21000000000000002,0.125
1414,0.21000000000000002,0.125
1416,0.21000000000000002,0.126
1418,0.21000000000000002,0.126
1420,0.21000000000000002,0.126
1422,0.21000000000000002,0.127
1424,0.21000000000000002,0.127
1426,0.21000000000000002,0.127
1428,0.21000000000000002,0.128
1430,0.21000000000000002,0.128
1432,0.21000000000000002,0.128
1434,0.21000000000000002,0.129
1436,0.21000000000000002,0.129
1438,0.21000000000000002,0.129
1440,0.21000000000000002,0.13
1442,0.21000000000000002,0.13
1444,0.21000000000000002,0.13
1446,0.21000000000000002,0.131
1448,0.21000000000000002,0.131
1450,0.21000000000000002,0.131
1452,0.21000000000000002,0.132
1454,0.21000000000000002,0.132
1456,0.22,0.121
1458,0.22,0.122
1460,0.22,0.122
1462,0.22,0.122
1464,0.22,0.123
1466,0.22,0.123
1468,0.22,0.123
1470,0.22,0.123
1472,0.22,0.124
1474,0.22,0.124
1476,0.22,0.124
1478,0.22,0.125
1480,0.22,0.125
1482,0.22,0.125
1484,0.22,0.126
1486,0.22,0.126
1488,0.22,0.126
1490,0.22,0.127
1492,0.22,0.127
1494,0.22,0.127
1496,0.22,0.128
1498,0.22,0.128
1500,0.22,0.128
1502,0.22,0.129
1504,0.22,0.129
1506,0.22,0.129
1508,0.22,0.13
1510,0.22,0.13
1512,0.22,0.13
1514,0.22,0.131
1516,0.22,0.131
1518,0.22,0.131
1520,0.22,0.132
1522,0.22,0.132
1524,0.22,0.132
1526,0.23,0.122
1528,0.23,0.122
1530,0.23,0.122
1532,0.23,0.123
1534,0.23,0.123
1536,0.23,0.123
1538,0.23,0.124
1540,0.23,0.124
1542,0.23,0.124
1544,0.23,0.125
1546,0.23,0.125
1548,0.23,0.125
1550,0.23,0.126
1552,0.23,0.126
1554,0.23,0.126
1556,0.23,0.127
1558,0.23,0.127
1560,0.23,0.127
1562,0.23,0.127
1564,0.23,0.128
1566,0.23,0.128
1568,0.23,0.128
1570,0.23,0.129
1572,0.23,0.129
1574,0.23,0.129
1576,0.23,0.13
1578,0.23,0.13
1580,0.23,0.13
1582,0.23,0.131
1584,0.23,0.131
1586,0.23,0.131
1588,0.23,0.132
1590,0.23,0.132
1592,0.23,0.132
1594,0.24000000000000002,0.122
1596,0.24000000000000002,0.122
1598,0.24000000000000002,0.123
1600,0.24000000000000002,0.123
1602,0.24000000000000002,0.123
1604,0.24000000000000002,0.124
1606,0.24000000000000002,0.124
1608,0.24000000000000002,0.124
1610,0.24000000000000002,0.125
1612,0.24000000000000002,0.125
1614,0.24000000000000002,0.125
1616,0.24000000000000002,0.125
1618,0.24000000000000002,0.126
1620,0.24000000000000002,0.126
1622,0.24000000000000002,0.126
1624,0.24000000000000002,0.127
1626,0.24000000000000002,0.127
1628,0.24000000000000002,0.127
1630,0.24000000000000002,0.128
1632,0.24000000000000002,0.128
1634,0.24000000000000002,0.128
1636,0.24000000000000002,0.128
1638,0.24000000000000002,0.129
1640,0.24000000000000002,0.129
1642,0.24000000000000002,0.129
1644,0.24000000000000002,0.13
1646,0.24000000000000002,0.13
1648,0.24000000000000002,0.13
1650,0.24000000000000002,0.131
1652,0.24000000000000002,0.131
1654,0.24000000000000002,0.131
1656,0.24000000000000002,0.131
1658,0.24000000000000002,0.132
1660,0.24000000000000002,0.132
1662,0.24000000000000002,0.132
1664,0.25,0.123
1666,0.25,0.123
1668,0.25,0.123
1670,0.25,0.124
1672,0.25,0.124
1674,0.25,0.124
1676,0.25,0.124
1678,0.25,0.125
1680,0.25,0.125
1682,0.25,0.125
1684,0.25,0.126
1686,0.25,0.126
1688,0.25,0.126
1690,0.25,0.126
1692,0.25,0.127
1694,0.25,0.127
1696,0.25,0.127
1698,0.25,0.128
1700,0.25,0.128
1702,0.25,0.128
1704,0.25,0.128
1706,0.25,0.129
1708,0.25,0.129
1710,0.25,0.129
1712,0.25,0.13
1714,0.25,0.13
1716,0.25,0.13
1718,0.25,0.13
1720,0.25,0.131
1722,0.25,0.131
1724,0.25,0.131
1726,0.25,0.132
1728,0.25,0.132
1730,0.25,0.132
1732,0.26,0.123
1734,0.26,0.123
1736,0.26,0.123
1738,0.26,0.124
1740,0.26,0.124
1742,0.26,0.124
1744,0.26,0.125
1746,0.26,0.125
1748,0.26,0.125
1750,0.26,0.125
1752,0.26,0.126
1754,0.26,0.126
1756,0.26,0.126
1758,0.26,0.127
1760,0.26,0.127
1762,0.26,0.127
1764,0.26,0.127
1766,0.26,0.128
1768,0.26,0.128
1770,0.26,0.128
1772,0.26,0.128
1774,0.26,0.129
1776,0.26,0.129
1778,0.26,0.129
1780,0.26,0.13
1782,0.26,0.13
1784,0.26,0.13
1786,0.26,0.13
1788,0.26,0.131
1790,0.26,0.131
1792,0.26,0.131
1794,0.26,0.132
1796,0.26,0.132
1798,0.26,0.132
1800,0.26,0.132
1802,0.27,0.123
1804,0.27,0.124
1806,0.27,0.124
1808,0.27,0.124
1810,0.27,0.124
1812,0.27,0.125
1814,0.27,0.125
1816,0.27,0.125
1818,0.27,0.126
1820,0.27,0.126
1822,0.27,0.126
1824,0.27,0.126
1826,0.27,0.127
1828,0.27,0.127
1830,0.27,0.127
1832,0.27,0.127
1834,0.27,0.128
1836,0.27,0.128
1838,0.27,0.128
1840,0.27,0.128
1842,0.27,0.129
1844,0.27,0.129
1846,0.27,0.129
1848,0.27,0.13
1850,0.27,0.13
1852,0.27,0.13
1854,0.27,0.13
1856,0.27,0.131
1858,0.27,0.131
1860,0.27,0.131
1862,0.27,0.131
1864,0.27,0.132
1866,0.27,0.132
1868,0.27,0.132
1870,0.28,0.124
1872,0.28,0.124
1874,0.28,0.124
1876,0.28,0.124
1878,0.28,0.125
1880,0.28,0.125
1882,0.28,0.125
1884,0.28,0.125
1886,0.28,0.126
1888,0.28,0.126
1890,0.28,0.126
1892,0.28,0.126
1894,0.28,0.127
1896,0.28,0.127
1898,0.28,0.127
1900,0.28,0.127
1902,0.28,0.128
1904,0.28,0.128
1906,0.28,0.128
1908,0.28,0.129
1910,0.28,0.129
1912,0.28,0.129
1914,0.28,0.129
1916,0.28,0.13
1918,0.28,0.13
1920,0.28,0.13
1922,0.28,0.13
1924,0.28,0.131
1926,0.28,0.131
1928,0.28,0.131
1930,0.28,0.131
1932,0.28,0.132
1934,0.28,0.132
1936,0.28,0.132
1938,0.28,0.132
1940,0.29000000000000004,0.124
1942,0.29000000000000004,0.124
1944,0.29000000000000004,0.125
1946,0.29000000000000004,0.125
1948,0.29000000000000004,0.125
1950,0.29000000000000004,0.125
1952,0.29000000000000004,0.126
1954,0.29000000000000004,0.126
1956,0.29000000000000004,0.126
1958,0.29000000000000004,0.126
1960,0.29000000000000004,0.127
1962,0.29000000000000004,0.127
1964,0.29000000000000004,0.127
1966,0.29000000000000004,0.127
1968,0.29000000000000004,0.128
1970,0.29000000000000004,0.128
1972,0.29000000000000004,0.128
1974,0.29000000000000004,0.128
1976,0.29000000000000004,0.129
1978,0.29000000000000004,0.129
1980,0.29000000000000004,0.129
1982,0.29000000000000004,0.129
1984,0.29000000000000004,0.13
1986,0.29000000000000004,0.13
1988,0.29000000000000004,0.13
1990,0.29000000000000004,0.13
1992,0.29000000000000004,0.131
1994,0.29000000000000004,0.131
1996,0.29000000000000004,0.131
1998,0.29000000000000004,0.131
2000,0.29000000000000004,0.132
2002,0.29000000000000004,0.132
2004,0.29000000000000004,0.132
2006,0.29000000000000004,0.132
2008,0.3,0.124
2010,0.3,0.124
2012,0.3,0.125
2014,0.3,0.125
2016,0.3,0.125
2018,0.3,0.125
2020,0.3,0.126
2022,0.3,0.126
2024,0.3,0.126
2026,0.3,0.126
2028,0.3,0.127
2030,0.3,0.127
2032,0.3,0.127
2034,0.3,0.127
2036,0.3,0.128
2038,0.3,0.128
2040,0.3,0.128
2042,0.3,0.128
2044,0.3,0.129
2046,0.3,0.129
2048,0.3,0.129
2050,0.3,0.129
2052,0.3,0.13
2054,0.3,0.13
2056,0.3,0.13
2058,0.3,0.13
2060,0.3,0.131
2062,0.3,0.131
2064,0.3,0.131
2066,0.3,0.131
2068,0.3,0.131
2070,0.3,0.132
2072,0.3,0.132
2074,0.3,0.132
2076,0.3,0.132
2078,0.31,0.125
2080,0.31,0.125
2082,0.31,0.125
2084,0.31,0.125
2086,0.31,0.126
2088,0.31,0.126
2090,0.31,0.126
2092,0.31,0.126
2094,0.31,0.126
2096,0.31,0.127
2098,0.31,0.127
2100,0.31,0.127
2102,0.31,0.127
2104,0.31,0.128
2106,0.31,0.128
2108,0.31,0.128
2110,0.31,0.128
2112,0.31,0.129
2114,0.31,0.129
2116,0.31,0.129
2118,0.31,0.129
2120,0.31,0.13
2122,0.31,0.13
2124,0.31,0.13
2126,0.31,0.13
2128,0.31,0.13
2130,0.31,0.131
2132,0.31,0.131
2134,0.31,0.131
2136,0.31,0.131
2138,0.31,0.132
2140,0.31,0.132
2142,0.31,0.132
2144,0.31,0.132
2146,0.32,0.125
2148,0.32,0.125
2150,0.32,0.125
2152,0.32,0.125
2154,0.32,0.126
2156,0.32,0.126
2158,0.32,0.126
2160,0.32,0.126
2162,0.32,0.127
2164,0.32,0.127
2166,0.32,0.127
2168,0.32,0.127
2170,0.32,0.127
2172,0.32,0.128
2174,0.32,0.128
2176,0.32,0.128
2178,0.32,0.128
2180,0.32,0.129
2182,0.32,0.129
2184,0.32,0.129
2186,0.32,0.129
2188,0.32,0.13
2190,0.32,0.13
2192,0.32,0.13
2194,0.32,0.13
2196,0.32,0.13
2198,0.32,0.131
2200,0.32,0.131
2202,0.32,0.131
2204,0.32,0.131
2206,0.32,0.132
2208,0.32,0.132
2210,0.32,0.132
2212,0.32,0.132
2214,0.33,0.125
2216,0.33,0.125
2218,0.33,0.125
2220,0.33,0.126
2222,0.33,0.126
2224,0.33,0.126
2226,0.33,0.126
2228,0.33,0.126
2230,0.33,0.127
2232,0.33,0.127
2234,0.33,0.127
2236,0.33,0.127
2238,0.33,0.128
2240,0.33,0.128
2242,0.33,0.128
2244,0.33,0.128
2246,0.33,0.128
2248,0.33,0.129
2250,0.33,0.129
2252,0.33,0.129
2254,0.33,0.129
2256,0.33,0.13
2258,0.33,0.13
2260,0.33,0.13
2262,0.33,0.13
2264,0.33,0.13
2266,0.33,0.131
2268,0.33,0.131
2270,0.33,0.131
2272,0.33,0.131
2274,0.33,0.132
2276,0.33,0.132
2278,0.33,0.132
2280,0.33,0.132
2282,0.33,0.132
2284,0.34,0.125
2286,0.34,0.126
2288,0.34,0.126
2290,0.34,0.126
2292,0.34,0.126
2294,0.34,0.126
2296,0.34,0.127
2298,0.34,0.127
2300,0.34,0.127
2302,0.34,0.127
2304,0.34,0.127
2306,0.34,0.128
2308,0.34,0.128
2310,0.34,0.128
2312,0.34,0.128
2314,0.34,0.128
2316,0.34,0.129
2318,0.34,0.129
2320,0.34,0.129
2322,0.34,0.129
2324,0.34,0.13
2326,0.34,0.13
2328,0.34,0.13
2330,0.34,0.13
2332,0.34,0.13
2334,0.34,0.131
2336,0.34,0.131
2338,0.34,0.131
2340,0.34,0.131
2342,0.34,0.132
2344,0.34,0.132
2346,0.34,0.132
2348,0.34,0.132
2350,0.34,0.132
2352,0.35000000000000003,0.125
2354,0.35000000000000003,0.126
2356,0.35000000000000003,0.126
2358,0.35000000000000003,0.126
2360,0.35000000000000003,0.126
2362,0.35000000000000003,0.126
2364,0.35000000000000003,0.127
2366,0.35000000000000003,0.127
2368,0.35000000000000003,0.127
2370,0.35000000000000003,0.127
2372,0.35000000000000003,0.127
2374,0.35000000000000003,0.128
2376,0.35000000000000003,0.128
2378,0.35000000000000003,0.128
2380,0.35000000000000003,0.128
2382,0.35000000000000003,0.129
2384,0.35000000000000003,0.129
2386,0.35000000000000003,0.129
2388,0.35000000000000003,0.129
2390,0.35000000000000003,0.129
2392,0.35000000000000003,0.13
2394,0.35000000000000003,0.13
2396,0.35000000000000003,0.13
2398,0.35000000000000003,0.13
2400,0.35000000000000003,0.13
2402,0.35000000000000003,0.131
2404,0.35000000000000003,0.131
2406,0.35000000000000003,0.131
2408,0.35000000000000003,0.131
2410,0.35000000000000003,0.131
2412,0.35000000000000003,0.132
2414,0.35000000000000003,0.132
2416,0.35000000000000003,0.132
2418,0.35000000000000003,0.132
2420,0.36000000000000004,0.126
2422,0.36000000000000004,0.126
2424,0.36000000000000004,0.126
2426,0.36000000000000004,0.126
2428,0.36000000000000004,0.126
2430,0.36000000000000004,0.127
2432,0.36000000000000004,0.127
2434,0.36000000000000004,0.127
2436,0.36000000000000004,0.127
2438,0.36000000000000004,0.127
2440,0.36000000000000004,0.128
2442,0.36000000000000004,0.128
2444,0.36000000000000004,0.128
2446,0.36000000000000004,0.128
2448,0.36000000000000004,0.128
2450,0.36000000000000004,0.129
2452,0.36000000000000004,0.129
2454,0.36000000000000004,0.129
2456,0.36000000000000004,0.129
2458,0.36000000000000004,0.129
2460,0.36000000000000004,0.13
2462,0.36000000000000004,0.13
2464,0.36000000000000004,0.13
2466,0.36000000000000004,0.13
2468,0.36000000000000004,0.13
2470,0.36000000000000004,0.131
2472,0.36000000000000004,0.131
2474,0.36000000000000004,0.131
2476,0.36000000000000004,0.131
2478,0.36000000000000004,0.131
2480,0.36000000000000004,0.132
2482,0.36000000000000004,0.132
2484,0.36000000000000004,0.132
2486,0.36000000000000004,0.132
2488,0.36000000000000004,0.132
2490,0.37,0.126
2492,0.37,0.126
2494,0.37,0.126
2496,0.37,0.126
2498,0.37,0.127
2500,0.37,0.127
2502,0.37,0.127
2504,0.37,0.127
2506,0.37,0.127
2508,0.37,0.128
2510,0.37,0.128
2512,0.37,0.128
2514,0.37,0.128
2516,0.37,0.128
2518,0.37,0.129
2520,0.37,0.129
2522,0.37,0.129
2524,0.37,0.129
2526,0.37,0.129
2528,0.37,0.13
2530,0.37,0.13
2532,0.37,0.13
2534,0.37,0.13
2536,0.37,0.13
2538,0.37,0.131
2540,0.37,0.131
2542,0.37,0.131
2544,0.37,0.131
2546,0.37,0.131
2548,0.37,0.132
2550,0.37,0.132
2552,0.37,0.132
2554,0.37,0.132
2556,0.37,0.132
2558,0.38,0.126
2560,0.38,0.126
2562,0.38,0.126
2564,0.38,0.127
2566,0.38,0.127
2568,0.38,0.127
2570,0.38,0.127
2572,0.38,0.127
2574,0.38,0.128
2576,0.38,0.128
2578,0.38,0.128
2580,0.38,0.128
2582,0.38,0.128
2584,0.38,0.128
2586,0.38,0.129
2588,0.38,0.129
2590,0.38,0.129
2592,0.38,0.129
2594,0.38,0.129
2596,0.38,0.13
2598,0.38,0.13
2600,0.38,0.13
2602,0.38,0.13
2604,0.38,0.13
2606,0.38,0.131
2608,0.38,0.131
2610,0.38,0.131
2612,0.38,0.131
2614,0.38,0.131
2616,0.38,0.132
2618,0.38,0.132
2620,0.38,0.132
2622,0.38,0.132
2624,0.38,0.132
2626,0.39,0.126
2628,0.39,0.126
2630,0.39,0.126
2632,0.39,0.127
2634,0.39,0.127
2636,0.39,0.127
2638,0.39,0.127
2640,0.39,0.127
2642,0.39,0.128
2644,0.39,0.128
2646,0.39,0.128
2648,0.39,0.128
2650,0.39,0.128
2652,0.39,0.129
2654,0.39,0.129
2656,0.39,0.129
2658,0.39,0.129
2660,0.39,0.129
2662,0.39,0.129
2664,0.39,0.13
2666,0.39,0.13
2668,0.39,0.13
2670,0.39,0.13
2672,0.39,0.13
2674,0.39,0.131
2676,0.39,0.131
2678,0.39,0.131
2680,0.39,0.131
2682,0.39,0.131
2684,0.39,0.132
2686,0.39,0.132
2688,0.39,0.132
2690,0.39,0.132
2692,0.39,0.132
2694,0.39,0.132
2696,0.4,0.126
2698,0.4,0.127
2700,0.4,0.127
2702,0.4,0.127
2704,0.4,0.127
2706,0.4,0.127
2708,0.4,0.127
2710,0.4,0.128
2712,0.4,0.128
2714,0.4,0.128
2716,0.4,0.128
2718,0.4,0.128
2720,0.4,0.129
2722,0.4,0.129
2724,0.4,0.129
2726,0.4,0.129
2728,0.4,0.129
2730,0.4,0.129
2732,0.4,0.13
2734,0.4,0.13
2736,0.4,0.13
2738,0.4,0.13
2740,0.4,0.13
2742,0.4,0.131
2744,0.4,0.131
2746,0.4,0.131
2748,0.4,0.131
2750,0.4,0.131
2752,0.4,0.132
2754,0.4,0.132
2756,0.4,0.132
2758,0.4,0.132
2760,0.4,0.132
2762,0.4,0.132
2764,0.41000000000000003,0.126
2766,0.41000000000000003,0.127
2768,0.41000000000000003,0.127
2770,0.41000000000000003,0.127
2772,0.41000000000000003,0.127
2774,0.41000000000000003,0.127
2776,0.41000000000000003,0.128
2778,0.41000000000000003,0.128
2780,0.41000000000000003,0.128
2782,0.41000000000000003,0.128
2784,0.41000000000000003,0.128
2786,0.41000000000000003,0.128
2788,0.41000000000000003,0.129
2790,0.41000000000000003,0.129
2792,0.41000000000000003,0.129
2794,0.41000000000000003,0.129
2796,0.41000000000000003,0.129
2798,0.41000000000000003,0.13
2800,0.41000000000000003,0.13
2802,0.41000000000000003,0.13
2804,0.41000000000000003,0.13
2806,0.41000000000000003,0.13
2808,0.41000000000000003,0.13
2810,0.41000000000000003,0.131
2812,0.41000000000000003,0.131
2814,0.41000000000000003,0.131
2816,0.41000000000000003,0.131
2818,0.41000000000000003,0.131
2820,0.41000000000000003,0.131
2822,0.41000000000000003,0.132
2824,0.41000000000000003,0.132
2826,0.41000000000000003,0.132
2828,0.41000000000000003,0.132
2830,0.41000000000000003,0.132
2832,0.42000000000000004,0.127
2834,0.42000000000000004,0.127
2836,0.42000000000000004,0.127
2838,0.42000000000000004,0.127
2840,0.42000000000000004,0.127
2842,0.42000000000000004,0.127
2844,0.42000000000000004,0.128
2846,0.42000000000000004,0.128
2848,0.42000000000000004,0.128
2850,0.42000000000000004,0.128
2852,0.42000000000000004,0.128
2854,0.42000000000000004,0.128
2856,0.42000000000000004,0.129
2858,0.42000000000000004,0.129
2860,0.42000000000000004,0.129
2862,0.42000000000000004,0.129
2864,0.42000000000000004,0.129
2866,0.42000000000000004,0.13
2868,0.42000000000000004,0.13
2870,0.42000000000000004,0.13
2872,0.42000000000000004,0.13
2874,0.42000000000000004,0.13
2876,0.42000000000000004,0.13
2878,0.42000000000000004,0.131
2880,0.42000000000000004,0.131
2882,0.42000000000000004,0.131
2884,0.42000000000000004,0.131
2886,0.42000000000000004,0.131
2888,0.42000000000000004,0.131
2890,0.42000000000000004,0.132
2892,0.42000000000000004,0.132
2894,0.42000000000000004,0.132
2896,0.42000000000000004,0.132
2898,0.42000000000000004,0.132
2900,0.43,0.127
2902,0.43,0.127
2904,0.43,0.127
2906,0.43,0.127
2908,0.43,0.127
2910,0.43,0.128
2912,0.43,0.128
2914,0.43,0.128
2916,0.43,0.128
2918,0.43,0.128
2920,0.43,0.128
2922,0.43,0.129
2924,0.43,0.129
2926,0.43,0.129
2928,0.43,0.129
2930,0.43,0.129
2932,0.43,0.129
2934,0.43,0.13
2936,0.43,0.13
2938,0.43,0.13
2940,0.43,0.13
2942,0.43,0.13
2944,0.43,0.13
2946,0.43,0.131
2948,0.43,0.131
2950,0.43,0.131
2952,0.43,0.131
2954,0.43,0.131
2956,0.43,0.131
2958,0.43,0.132
2960,0.43,0.132
2962,0.43,0.132
2964,0.43,0.132
2966,0.43,0.132
2968,0.43,0.132
2970,0.44,0.127
2972,0.44,0.127
2974,0.44,0.127
2976,0.44,0.127
2978,0.44,0.128
2980,0.44,0.128
2982,0.44,0.128
2984,0.44,0.128
2986,0.44,0.128
2988,0.44,0.128
2990,0.44,0.129
2992,0.44,0.129
2994,0.44,0.129
2996,0.44,0.129
2998,0.44,0.129
3000,0.44,0.129
3002,0.44,0.13
3004,0.44,0.13
3006,0.44,0.13
3008,0.44,0.13
3010,0.44,0.13
3012,0.44,0.13
3014,0.44,0.131
3016,0.44,0.131
3018,0.44,0.131
3020,0.44,0.131
3022,0.44,0.131
3024,0.44,0.131
3026,0.44,0.132
3028,0.44,0.132
3030,0.44,0.132
3032,0.44,0.132
3034,0.44,0.132
3036,0.44,0.132
3038,0.45,0.127
3040,0.45,0.127
3042,0.45,0.127
3044,0.45,0.128
3046,0.45,0.128
3048,0.45,0.128
3050,0.45,0.128
3052,0.45,0.128
3054,0.45,0.128
3056,0.45,0.128
3058,0.45,0.129
3060,0.45,0.129
3062,0.45,0.129
3064,0.45,0.129
3066,0.45,0.129
3068,0.45,0.129
3070,0.45,0.13
3072,0.45,0.13
3074,0.45,0.13
3076,0.45,0.13
3078,0.45,0.13
3080,0.45,0.13
3082,0.45,0.131
3084,0.45,0.131
3086,0.45,0.131
3088,0.45,0.131
3090,0.45,0.131
3092,0.45,0.131
3094,0.45,0.132
3096,0.45,0.132
3098,0.45,0.132
3100,0.45,0.132
3102,0.45,0.132
3104,0.45,0.132
3106,0.46,0.127
3108,0.46,0.127
3110,0.46,0.127
3112,0.46,0.128
3114,0.46,0.128
3116,0.46,0.128
3118,0.46,0.128
3120,0.46,0.128
3122,0.46,0.128
3124,0.46,0.129
3126,0.46,0.129
3128,0.46,0.129
3130,0.46,0.129
3132,0.46,0.129
3134,0.46,0.129
3136,0.46,0.13
3138,0.46,0.13
3140,0.46,0.13
3142,0.46,0.13
3144,0.46,0.13
3146,0.46,0.13
3148,0.46,0.13
3150,0.46,0.131
3152,0.46,0.131
3154,0.46,0.131
3156,0.46,0.131
3158,0.46,0.131
3160,0.46,0.131
3162,0.46,0.132
3164,0.46,0.132
3166,0.46,0.132
3168,0.46,0.132
3170,0.46,0.132
3172,0.46,0.132
3174,0.47000000000000003,0.127
3176,0.47000000000000003,0.127
3178,0.47000000000000003,0.128
3180,0.47000000000000003,0.128
3182,0.47000000000000003,0.128
3184,0.47000000000000003,0.128
3186,0.47000000000000003,0.128
3188,0.47000000000000003,0.128
3190,0.47000000000000003,0.128
3192,0.47000000000000003,0.129
3194,0.47000000000000003,0.129
3196,0.47000000000000003,0.129
3198,0.47000000000000003,0.129
3200,0.47000000000000003,0.129
3202,0.47000000000000003,0.129
3204,0.47000000000000003,0.13
3206,0.47000000000000003,0.13
3208,0.47000000000000003,0.13
3210,0.47000000000000003,0.13
3212,0.47000000000000003,0.13
3214,0.47000000000000003,0.13
3216,0.47000000000000003,0.13
3218,0.47000000000000003,0.131
3220,0.47000000000000003,0.131
3222,0.47000000000000003,0.131
3224,0.47000000000000003,0.131
3226,0.47000000000000003,0.131
3228,0.47000000000000003,0.131
3230,0.47000000000000003,0.132
3232,0.47000000000000003,0.132
3234,0.47000000000000003,0.132
3236,0.47000000000000003,0.132
3238,0.47000000000000003,0.132
3240,0.47000000000000003,0.132
3242,0.48000000000000004,0.127
3244,0.48000000000000004,0.127
3246,0.48000000000000004,0.128
3248,0.48000000000000004,0.128
3250,0.48000000000000004,0.128
3252,0.48000000000000004,0.128
3254,0.48000000000000004,0.128
3256,0.48000000000000004,0.128
3258,0.48000000000000004,0.129
3260,0.48000000000000004,0.129
3262,0.48000000000000004,0.129
3264,0.48000000000000004,0.129
3266,0.48000000000000004,0.129
3268,0.48000000000000004,0.129
3270,0.48000000000000004,0.129
3272,0.48000000000000004,0.13
3274,0.48000000000000004,0.13
3276,0.48000000000000004,0.13
3278,0.48000000000000004,0.13
3280,0.48000000000000004,0.13
3282,0.48000000000000004,0.13
3284,0.48000000000000004,0.131
3286,0.48000000000000004,0.131
3288,0.48000000000000004,0.131
3290,0.48000000000000004,0.131
3292,0.48000000000000004,0.131
3294,0.48000000000000004,0.131
3296,0.48000000000000004,0.131
3298,0.48000000000000004,0.132
3300,0.48000000000000004,0.132
3302,0.48000000000000004,0.132
3304,0.48000000000000004,0.132
3306,0.48000000000000004,0.132
3308,0.48000000000000004,0.132
3310,0.49,0.127
3312,0.49,0.128
3314,0.49,0.128
3316,0.49,0.128
3318,0.49,0.128
3320,0.49,0.128
3322,0.49,0.128
3324,0.49,0.128
3326,0.49,0.129
3328,0.49,0.129
3330,0.49,0.129
3332,0.49,0.129
3334,0.49,0.129
3336,0.49,0.129
3338,0.49,0.129
3340,0.49,0.13
3342,0.49,0.13
3344,0.49,0.13
3346,0.49,0.13
3348,0.49,0.13
3350,0.49,0.13
3352,0.49,0.131
3354,0.49,0.131
3356,0.49,0.131
3358,0.49,0.131
3360,0.49,0.131
3362,0.49,0.131
3364,0.49,0.131
3366,0.49,0.132
3368,0.49,0.132
3370,0.49,0.132
3372,0.49,0.132
3374,0.49,0.132
3376,0.49,0.132
3378,0.49,0.132
3380,0.5,0.128
3382,0.5,0.128
3384,0.5,0.128
3386,0.5,0.128
3388,0.5,0.128
3390,0.5,0.128
3392,0.5,0.128
3394,0.5,0.129
3396,0.5,0.129
3398,0.5,0.129
3400,0.5,0.129
3402,0.5,0.129
3404,0.5,0.129
3406,0.5,0.13
3408,0.5,0.13
3410,0.5,0.13
3412,0.5,0.13
3414,0.5,0.13
3416,0.5,0.13
3418,0.5,0.13
3420,0.5,0.131
3422,0.5,0.131
3424,0.5,0.131
3426,0.5,0.131
3428,0.5,0.131
3430,0.5,0.131
3432,0.5,0.131
3434,0.5,0.132
3436,0.5,0.132
3438,0.5,0.132
3440,0.5,0.132
3442,0.5,0.132
3444,0.5,0.132
3446,0.5,0.132
3448,0.51,0.128
3450,0.51,0.128
3452,0.51,0.128
3454,0.51,0.128
3456,0.51,0.128
3458,0.51,0.128
3460,0.51,0.129
3462,0.51,0.129
3464,0.51,0.129
3466,0.51,0.129
3468,0.51,0.129
3470,0.51,0.129
3472,0.51,0.129
3474,0.51,0.13
3476,0.51,0.13
3478,0.51,0.13
3480,0.51,0.13
3482,0.51,0.13
3484,0.51,0.13
3486,0.51,0.13
3488,0.51,0.131
3490,0.51,0.131
3492,0.51,0.131
3494,0.51,0.131
3496,0.51,0.131
3498,0.51,0.131
3500,0.51,0.131
3502,0.51,0.132
3504,0.51,0.132
3506,0.51,0.132
3508,0.51,0.132
3510,0.51,0.132
3512,0.51,0.132
3514,0.51,0.132
3516,0.52,0.128
3518,0.52,0.128
3520,0.52,0.128
3522,0.52,0.128
3524,0.52,0.128
3526,0.52,0.128
3528,0.52,0.129
3530,0.52,0.129
3532,0.52,0.129
3534,0.52,0.129
3536,0.52,0.129
3538,0.52,0.129
3540,0.52,0.129
3542,0.52,0.13
3544,0.52,0.13
3546,0.52,0.13
3548,0.52,0.13
3550,0.52,0.13
3552,0.52,0.13
3554,0.52,0.13
3556,0.52,0.131
3558,0.52,0.131
3560,0.52,0.131
3562,0.52,0.131
3564,0.52,0.131
3566,0.52,0.131
3568,0.52,0.131
3570,0.52,0.132
3572,0.52,0.132
3574,0.52,0.132
3576,0.52,0.132
3578,0.52,0.132
3580,0.52,0.132
3582,0.52,0.132
3584,0.53,0.128
3586,0.53,0.128
3588,0.53,0.128
3590,0.53,0.128
3592,0.53,0.128
3594,0.53,0.129
3596,0.53,0.129
3598,0.53,0.129
3600,0.53,0.129
3602,0.53,0.129
3604,0.53,0.129
3606,0.53,0.129
3608,0.53,0.129
3610,0.53,0.13
3612,0.53,0.13
3614,0.53,0.13
3616,0.53,0.13
3618,0.53,0.13
3620,0.53,0.13
3622,0.53,0.13
3624,0.53,0.131
3626,0.53,0.131
3628,0.53,0.131
3630,0.53,0.131
3632,0.53,0.131
3634,0.53,0.131
3636,0.53,0.131
3638,0.53,0.132
3640,0.53,0.132
3642,0.53,0.132
3644,0.53,0.132
3646,0.53,0.132
3648,0.53,0.132
3650,0.53,0.132
3652,0.54,0.128
3654,0.54,0.128
3656,0.54,0.128
3658,0.54,0.128
3660,0.54,0.128
3662,0.54,0.129
3664,0.54,0.129
3666,0.54,0.129
3668,0.54,0.129
3670,0.54,0.129
3672,0.54,0.129
3674,0.54,0.129
3676,0.54,0.13
3678,0.54,0.13
3680,0.54,0.13
3682,0.54,0.13
3684,0.54,0.13
3686,0.54,0.13
3688,0.54,0.13
3690,0.54,0.13
3692,0.54,0.131
3694,0.54,0.131
3696,0.54,0.131
3698,0.54,0.131
3700,0.54,0.131
3702,0.54,0.131
3704,0.54,0.131
3706,0.54,0.132
3708,0.54,0.132
3710,0.54,0.132
3712,0.54,0.132
3714,0.54,0.132
3716,0.54,0.132
3718,0.54,0.132
3720,0.55,0.128
3722,0.55,0.128
3724,0.55,0.128
3726,0.55,0.128
3728,0.55,0.129
3730,0.55,0.129
3732,0.55,0.129
3734,0.55,0.129
3736,0.55,0.129
3738,0.55,0.129
3740,0.55,0.129
3742,0.55,0.129
3744,0.55,0.13
3746,0.55,0.13
3748,0.55,0.13
3750,0.55,0.13
3752,0.55,0.13
3754,0.55,0.13
3756,0.55,0.13
3758,0.55,0.131
3760,0.55,0.131
3762,0.55,0.131
3764,0.55,0.131
3766,0.55,0.131
3768,0.55,0.131
3770,0.55,0.131
3772,0.55,0.131
3774,0.55,0.132
3776,0.55,0.132
3778,0.55,0.132
3780,0.55,0.132
3782,0.55,0.132
3784,0.55,0.132
3786,0.55,0.132
3788,0.56,0.128
3790,0.56,0.128
3792,0.56,0.128
3794,0.56,0.128
3796,0.56,0.129
3798,0.56,0.129
3800,0.56,0.129
3802,0.56,0.129
3804,0.56,0.129
3806,0.56,0.129
3808,0.56,0.129
3810,0.56,0.129
3812,0.56,0.13
3814,0.56,0.13
3816,0.56,0.13
3818,0.56,0.13
3820,0.56,0.13
3822,0.56,0.13
3824,0.56,0.13
3826,0.56,0.131
3828,0.56,0.131
3830,0.56,0.131
3832,0.56,0.131
3834,0.56,0.131
3836,0.56,0.131
3838,0.56,0.131
3840,0.56,0.131
3842,0.56,0.132
3844,0.56,0.132
3846,0.56,0.132
3848,0.56,0.132
3850,0.56,0.132
3852,0.56,0.132
3854,0.56,0.132
3856,0.5700000000000001,0.128
3858,0.5700000000000001,0.128
3860,0.5700000000000001,0.128
3862,0.5700000000000001,0.128
3864,0.5700000000000001,0.129
3866,0.5700000000000001,0.129
3868,0.5700000000000001,0.129
3870,0.5700000000000001,0.129
3872,0.5700000000000001,0.129
3874,0.5700000000000001,0.129
3876,0.5700000000000001,0.129
3878,0.5700000000000001,0.13
3880,0.5700000000000001,0.13
3882,0.5700000000000001,0.13
3884,0.5700000000000001,0.13
3886,0.5700000000000001,0.13
3888,0.5700000000000001,0.13
3890,0.5700000000000001,0.13
3892,0.5700000000000001,0.13
3894,0.5700000000000001,0.131
3896,0.5700000000000001,0.131
3898,0.5700000000000001,0.131
3900,0.5700000000000001,0.131
3902,0.5700000000000001,0.131
3904,0.5700000000000001,0.131
3906,0.5700000000000001,0.131
3908,0.5700000000000001,0.131
3910,0.5700000000000001,0.132
3912,0.5700000000000001,0.132
3914,0.5700000000000001,0.132
3916,0.5700000000000001,0.132
3918,0.5700000000000001,0.132
3920,0.5700000000000001,0.132
3922,0.5700000000000001,0.132
3924,0.5800000000000001,0.128
3926,0.5800000000000001,0.128
3928,0.5800000000000001,0.128
3930,0.5800000000000001,0.129
3932,0.5800000000000001,0.129
3934,0.5800000000000001,0.129
3936,0.5800000000000001,0.129
3938,0.5800000000000001,0.129
3940,0.5800000000000001,0.129
3942,0.5800000000000001,0.129
3944,0.5800000000000001,0.129
3946,0.5800000000000001,0.13
3948,0.5800000000000001,0.13
3950,0.5800000000000001,0.13
3952,0.5800000000000001,0.13
3954,0.5800000000000001,0.13
3956,0.5800000000000001,0.13
3958,0.5800000000000001,0.13
3960,0.5800000000000001,0.13
3962,0.5800000000000001,0.131
3964,0.5800000000000001,0.131
3966,0.5800000000000001,0.131
3968,0.5800000000000001,0.131
3970,0.5800000000000001,0.131
3972,0.5800000000000001,0.131
3974,0.5800000000000001,0.131
3976,0.5800000000000001,0.131
3978,0.5800000000000001,0.132
3980,0.5800000000000001,0.132
3982,0.5800000000000001,0.132
3984,0.5800000000000001,0.132
3986,0.5800000000000001,0.132
3988,0.5800000000000001,0.132
3990,0.5800000000000001,0.132
3992,0.59,0.128
3994,0.59,0.128
3996,0.59,0.128
3998,0.59,0.129
4000,0.59,0.129
4002,0.59,0.129
4004,0.59,0.129
4006,0.59,0.129
4008,0.59,0.129
4010,0.59,0.129
4012,0.59,0.129
4014,0.59,0.13
4016,0.59,0.13
4018,0.59,0.13
4020,0.59,0.13
4022,0.59,0.13
4024,0.59,0.13
4026,0.59,0.13
4028,0.59,0.13
4030,0.59,0.131
4032,0.59,0.131
4034,0.59,0.131
4036,0.59,0.131
4038,0.59,0.131
4040,0.59,0.131
4042,0.59,0.131
4044,0.59,0.132
4046,0.59,0.132
4048,0.59,0.132
4050,0.59,0.132
4052,0.59,0.132
4054,0.59,0.132
4056,0.59,0.132
4058,0.59,0.132
4060,0.6,0.128
4062,0.6,0.128
4064,0.6,0.129
4066,0.6,0.129
4068,0.6,0.129
4070,0.6,0.129
4072,0.6,0.129
4074,0.6,0.129
4076,0.6,0.129
4078,0.6,0.129
4080,0.6,0.13
4082,0.6,0.13
4084,0.6,0.13
4086,0.6,0.13
4088,0.6,0.13
4090,0.6,0.13
4092,0.6,0.13
4094,0.6,0.13
4096,0.6,0.131
4098,0.6,0.131
4100,0.6,0.131
4102,0.6,0.131
4104,0.6,0.131
4106,0.6,0.131
4108,0.6,0.131
4110,0.6,0.131
4112,0.6,0.132
4114,0.6,0.132
4116,0.6,0.132
4118,0.6,0.132
4120,0.6,0.132
4122,0.6,0.132
4124,0.6,0.132
4126,0.6,0.132
4128,0.61,0.128
4130,0.61,0.128
4132,0.61,0.129
4134,0.61,0.129
4136,0.61,0.129
4138,0.61,0.129
4140,0.61,0.129
4142,0.61,0.129
4144,0.61,0.129
4146,0.61,0.129
4148,0.61,0.13
4150,0.61,0.13
4152,0.61,0.13
4154,0.61,0.13
4156,0.61,0.13
4158,0.61,0.13
4160,0.61,0.13
4162,0.61,0.13
4164,0.61,0.131
4166,0.61,0.131
4168,0.61,0.131
4170,0.61,0.131
4172,0.61,0.131
4174,0.61,0.131
4176,0.61,0.131
4178,0.61,0.131
4180,0.61,0.132
4182,0.61,0.132
4184,0.61,0.132
4186,0.61,0.132
4188,0.61,0.132
4190,0.61,0.132
4192,0.61,0.132
4194,0.61,0.132
4196,0.62,0.128
4198,0.62,0.129
4200,0.62,0.129
4202,0.62,0.129
4204,0.62,0.129
4206,0.62,0.129
4208,0.62,0.129
4210,0.62,0.129
4212,0.62,0.129
4214,0.62,0.13
4216,0.62,0.13
4218,0.62,0.13
4220,0.62,0.13
4222,0.62,0.13
4224,0.62,0.13
4226,0.62,0.13
4228,0.62,0.13
4230,0.62,0.13
4232,0.62,0.131
4234,0.62,0.131
4236,0.62,0.131
4238,0.62,0.131
4240,0.62,0.131
4242,0.62,0.131
4244,0.62,0.131
4246,0.62,0.131
4248,0.62,0.132
4250,0.62,0.132
4252,0.62,0.132
4254,0.62,0.132
4256,0.62,0.132
4258,0.62,0.132
4260,0.62,0.132
4262,0.62,0.132
4264,0.63,0.129
4266,0.63,0.129
4268,0.63,0.129
4270,0.63,0.129
4272,0.63,0.129
4274,0.63,0.129
4276,0.63,0.129
4278,0.63,0.129
4280,0.63,0.129
4282,0.63,0.13
4284,0.63,0.13
4286,0.63,0.13
4288,0.63,0.13
4290,0.63,0.13
4292,0.63,0.13
4294,0.63,0.13
4296,0.63,0.13
4298,0.63,0.131
4300,0.63,0.131
4302,0.63,0.131
4304,0.63,0.131
4306,0.63,0.131
4308,0.63,0.131
4310,0.63,0.131
4312,0.63,0.131
4314,0.63,0.131
4316,0.63,0.132
4318,0.63,0.132
4320,0.63,0.132
4322,0.63,0.132
4324,0.63,0.132
4326,0.63,0.132
4328,0.63,0.132
4330,0.63,0.132
4332,0.64,0.129
4334,0.64,0.129
4336,0.64,0.129
4338,0.64,0.129
4340,0.64,0.129
4342,0.64,0.129
4344,0.64,0.129
4346,0.64,0.129
4348,0.64,0.129
4350,0.64,0.13
4352,0.64,0.13
4354,0.64,0.13
4356,0.64,0.13
4358,0.64,0.13
4360,0.64,0.13
4362,0.64,0.13
4364,0.64,0.13
4366,0.64,0.131
4368,0.64,0.131
4370,0.64,0.131
4372,0.64,0.131
4374,0.64,0.131
4376,0.64,0.131
4378,0.64,0.131
4380,0.64,0.131
4382,0.64,0.131
4384,0.64,0.132
4386,0.64,0.132
4388,0.64,0.132
4390,0.64,0.132
4392,0.64,0.132
4394,0.64,0.132
4396,0.64,0.132
4398,0.64,0.132
4400,0.65,0.129
4402,0.65,0.129
4404,0.65,0.129
4406,0.65,0.129
4408,0.65,0.129
4410,0.65,0.129
4412,0.65,0.129
4414,0.65,0.129
4416,0.65,0.13
4418,0.65,0.13
4420,0.65,0.13
4422,0.65,0.13
4424,0.65,0.13
4426,0.65,0.13
4428,0.65,0.13
4430,0.65,0.13
4432,0.65,0.13
4434,0.65,0.131
4436,0.65,0.131
4438,0.65,0.131
4440,0.65,0.131
4442,0.65,0.131
4444,0.65,0.131
4446,0.65,0.131
4448,0.65,0.131
4450,0.65,0.131
4452,0.65,0.132
4454,0.65,0.132
4456,0.65,0.132
4458,0.65,0.132
4460,0.65,0.132
4462,0.65,0.132
4464,0.65,0.132
4466,0.65,0.132
4468,0.66,0.129
4470,0.66,0.129
4472,0.66,0.129
4474,0.66,0.129
4476,0.66,0.129
4478,0.66,0.129
4480,0.66,0.129
4482,0.66,0.129
4484,0.66,0.13
4486,0.66,0.13
4488,0.66,0.13
4490,0.66,0.13
4492,0.66,0.13
4494,0.66,0.13
4496,0.66,0.13
4498,0.66,0.13
4500,0.66,0.13
4502,0.66,0.131
4504,0.66,0.131
4506,0.66,0.131
4508,0.66,0.131
4510,0.66,0.131
4512,0.66,0.131
4514,0.66,0.131
4516,0.66,0.131
4518,0.66,0.132
4520,0.66,0.132
4522,0.66,0.132
4524,0.66,0.132
4526,0.66,0.132
4528,0.66,0.132
4530,0.66,0.132
4532,0.66,0.132
4534,0.66,0.132
4536,0.67,0.129
4538,0.67,0.129
4540,0.67,0.129
4542,0.67,0.129
4544,0.67,0.129
4546,0.67,0.129
4548,0.67,0.129
4550,0.67,0.13
4552,0.67,0.13
4554,0.67,0.13
4556,0.67,0.13
4558,0.67,0.13
4560,0.67,0.13
4562,0.67,0.13
4564,0.67,0.13
4566,0.67,0.13
4568,0.67,0.131
4570,0.67,0.131
4572,0.67,0.131
4574,0.67,0.131
4576,0.67,0.131
4578,0.67,0.131
4580,0.67,0.131
4582,0.67,0.131
4584,0.67,0.131
4586,0.67,0.132
4588,0.67,0.132
4590,0.67,0.132
4592,0.67,0.132
4594,0.67,0.132
4596,0.67,0.132
4598,0.67,0.132
4600,0.67,0.132
4602,0.67,0.132
4604,0.68,0.129
4606,0.68,0.129
4608,0.68,0.129
4610,0.68,0.129
4612,0.68,0.129
4614,0.68,0.129
4616,0.68,0.129
4618,0.68,0.13
4620,0.68,0.13
4622,0.68,0.13
4624,0.68,0.13
4626,0.68,0.13
4628,0.68,0.13
4630,0.68,0.13
4632,0.68,0.13
4634,0.68,0.13
4636,0.68,0.131
4638,0.68,0.131
4640,0.68,0.131
4642,0.68,0.131
4644,0.68,0.131
4646,0.68,0.131
4648,0.68,0.131
4650,0.68,0.131
4652,0.68,0.131
4654,0.68,0.132
4656,0.68,0.132
4658,0.68,0.132
4660,0.68,0.132
4662,0.68,0.132
4664,0.68,0.132
4666,0.68,0.132
4668,0.68,0.132
4670,0.68,0.132
4672,0.6900000000000001,0.129
4674,0.6900000000000001,0.129
4676,0.6900000000000001,0.129
4678,0.6900000000000001,0.129
4680,0.6900000000000001,0.129
4682,0.6900000000000001,0.129
4684,0.6900000000000001,0.13
4686,0.6900000000000001,0.13
4688,0.6900000000000001,0.13
4690,0.6900000000000001,0.13
4692,0.6900000000000001,0.13
4694,0.6900000000000001,0.13
4696,0.6900000000000001,0.13
4698,0.6900000000000001,0.13
4700,0.6900000000000001,0.13
4702,0.6900000000000001,0.13
4704,0.6900000000000001,0.131
4706,0.6900000000000001,0.131
4708,0.6900000000000001,0.131
4710,0.6900000000000001,0.131
4712,0.6900000000000001,0.131
4714,0.6900000000000001,0.131
4716,0.6900000000000001,0.131
4718,0.6900000000000001,0.131
4720,0.6900000000000001,0.131
4722,0.6900000000000001,0.132
4724,0.6900000000000001,0.132
4726,0.6900000000000001,0.132
4728,0.6900000000000001,0.132
4730,0.6900000000000001,0.132
4732,0.6900000000000001,0.132
4734,0.6900000000000001,0.132
4736,0.6900000000000001,0.132
4738,0.6900000000000001,0.132
4740,0.7000000000000001,0.129
4742,0.7000000000000001,0.129
4744,0.7000000000000001,0.129
4746,0.7000000000000001,0.129
4748,0.7000000000000001,0.129
4750,0.7000000000000001,0.129
4752,0.7000000000000001,0.13
4754,0.7000000000000001,0.13
4756,0.7000000000000001,0.13
4758,0.7000000000000001,0.13
4760,0.7000000000000001,0.13
4762,0.7000000000000001,0.13
4764,0.7000000000000001,0.13
4766,0.7000000000000001,0.13
4768,0.7000000000000001,0.13
4770,0.7000000000000001,0.131
4772,0.7000000000000001,0.131
4774,0.7000000000000001,0.131
4776,0.7000000000000001,0.131
4778,0.7000000000000001,0.131
4780,0.7000000000000001,0.131
4782,0.7000000000000001,0.131
4784,0.7000000000000001,0.131
4786,0.7000000000000001,0.131
4788,0.7000000000000001,0.131
4790,0.7000000000000001,0.132
4792,0.7000000000000001,0.132
4794,0.7000000000000001,0.132
4796,0.7000000000000001,0.132
4798,0.7000000000000001,0.132
4800,0.7000000000000001,0.132
4802,0.7000000000000001,0.132
4804,0.7000000000000001,0.132
4806,0.7000000000000001,0.132
4808,0.7100000000000001,0.129
4810,0.7100000000000001,0.129
4812,0.7100000000000001,0.129
4814,0.7100000000000001,0.129
4816,0.7100000000000001,0.129
4818,0.7100000000000001,0.13
4820,0.7100000000000001,0.13
4822,0.7100000000000001,0.13
4824,0.7100000000000001,0.13
4826,0.7100000000000001,0.13
4828,0.7100000000000001,0.13
4830,0.7100000000000001,0.13
4832,0.7100000000000001,0.13
4834,0.7100000000000001,0.13
4836,0.7100000000000001,0.13
4838,0.7100000000000001,0.131
4840,0.7100000000000001,0.131
4842,0.7100000000000001,0.131
4844,0.7100000000000001,0.131
4846,0.7100000000000001,0.131
4848,0.7100000000000001,0.131
4850,0.7100000000000001,0.131
4852,0.7100000000000001,0.131
4854,0.7100000000000001,0.131
4856,0.7100000000000001,0.131
4858,0.7100000000000001,0.132
4860,0.7100000000000001,0.132
4862,0.7100000000000001,0.132
4864,0.7100000000000001,0.132
4866,0.7100000000000001,0.132
4868,0.7100000000000001,0.132
4870,0.7100000000000001,0.132
4872,0.7100000000000001,0.132
4874,0.7100000000000001,0.132
4876,0.72,0.129
4878,0.72,0.129
4880,0.72,0.129
4882,0.72,0.129
4884,0.72,0.129
4886,0.72,0.13
4888,0.72,0.13
4890,0.72,0.13
4892,0.72,0.13
4894,0.72,0.13
4896,0.72,0.13
4898,0.72,0.13
4900,0.72,0.13
4902,0.72,0.13
4904,0.72,0.13
4906,0.72,0.131
4908,0.72,0.131
4910,0.72,0.131
4912,0.72,0.131
4914,0.72,0.131
4916,0.72,0.131
4918,0.72,0.131
4920,0.72,0.131
4922,0.72,0.131
4924,0.72,0.132
4926,0.72,0.132
4928,0.72,0.132
4930,0.72,0.132
4932,0.72,0.132
4934,0.72,0.132
4936,0.72,0.132
4938,0.72,0.132
4940,0.72,0.132
4942,0.72,0.132
4944,0.73,0.129
4946,0.73,0.129
4948,0.73,0.129
4950,0.73,0.129
4952,0.73,0.13
4954,0.73,0.13
4956,0.73,0.13
4958,0.73,0.13
4960,0.73,0.13
4962,0.73,0.13
4964,0.73,0.13
4966,0.73,0.13
4968,0.73,0.13
4970,0.73,0.13
4972,0.73,0.131
4974,0.73,0.131
4976,0.73,0.131
4978,0.73,0.131
4980,0.73,0.131
4982,0.73,0.131
4984,0.73,0.131
4986,0.73,0.131
4988,0.73,0.131
4990,0.73,0.131
4992,0.73,0.132
4994,0.73,0.132
4996,0.73,0.132
4998,0.73,0.132
5000,0.73,0.132
5002,0.73,0.132
5004,0.73,0.132
5006,0.73,0.132
5008,0.73,0.132
5010,0.73,0.132
5012,0.74,0.129
5014,0.74,0.129
5016,0.74,0.129
5018,0.74,0.129
5020,0.74,0.13
5022,0.74,0.13
5024,0.74,0.13
5026,0.74,0.13
5028,0.74,0.13
5030,0.74,0.13
5032,0.74,0.13
5034,0.74,0.13
5036,0.74,0.13
5038,0.74,0.13
5040,0.74,0.131
5042,0.74,0.131
5044,0.74,0.131
5046,0.74,0.131
5048,0.74,0.131
5050,0.74,0.131
5052,0.74,0.131
5054,0.74,0.131
5056,0.74,0.131
5058,0.74,0.131
5060,0.74,0.132
5062,0.74,0.132
5064,0.74,0.132
5066,0.74,0.132
5068,0.74,0.132
5070,0.74,0.132
5072,0.74,0.132
5074,0.74,0.132
5076,0.74,0.132
5078,0.74,0.132
5080,0.75,0.129
5082,0.75,0.129
5084,0.75,0.129
5086,0.75,0.13
5088,0.75,0.13
5090,0.75,0.13
5092,0.75,0.13
5094,0.75,0.13
5096,0.75,0.13
5098,0.75,0.13
5100,0.75,0.13
5102,0.75,0.13
5104,0.75,0.13
5106,0.75,0.13
5108,0.75,0.131
5110,0.75,0.131
5112,0.75,0.131
5114,0.75,0.131
5116,0.75,0.131
5118,0.75,0.131
5120,0.75,0.131
5122,0.75,0.131
5124,0.75,0.131
5126,0.75,0.131
5128,0.75,0.132
5130,0.75,0.132
5132,0.75,0.132
5134,0.75,0.132
5136,0.75,0.132
5138,0.75,0.132
5140,0.75,0.132
5142,0.75,0.132
5144,0.75,0.132
5146,0.75,0.132
5148,0.76,0.129
5150,0.76,0.129
5152,0.76,0.129
5154,0.76,0.13
5156,0.76,0.13
5158,0.76,0.13
5160,0.76,0.13
5162,0.76,0.13
5164,0.76,0.13
5166,0.76,0.13
5168,0.76,0.13
5170,0.76,0.13
5172,0.76,0.13
5174,0.76,0.131
5176,0.76,0.131
5178,0.76,0.131
5180,0.76,0.131
5182,0.76,0.131
5184,0.76,0.131
5186,0.76,0.131
5188,0.76,0.131
5190,0.76,0.131
5192,0.76,0.131
5194,0.76,0.132
5196,0.76,0.132
5198,0.76,0.132
5200,0.76,0.132
5202,0.76,0.132
5204,0.76,0.132
5206,0.76,0.132
5208,0.76,0.132
5210,0.76,0.132
5212,0.76,0.132
5214,0.77,0.129
5216,0.77,0.129
5218,0.77,0.129
5220,0.77,0.13
5222,0.77,0.13
5224,0.77,0.13
5226,0.77,0.13
5228,0.77,0.13
5230,0.77,0.13
5232,0.77,0.13
5234,0.77,0.13
5236,0.77,0.13
5238,0.77,0.13
5240,0.77,0.13
5242,0.77,0.131
5244,0.77,0.131
5246,0.77,0.131
5248,0.77,0.131
5250,0.77,0.131
5252,0.77,0.131
5254,0.77,0.131
5256,0.77,0.131
5258,0.77,0.131
5260,0.77,0.131
5262,0.77,0.132
5264,0.77,0.132
5266,0.77,0.132
5268,0.77,0.132
5270,0.77,0.132
5272,0.77,0.132
5274,0.77,0.132
5276,0.77,0.132
5278,0.77,0.132
5280,0.77,0.132
5282,0.78,0.129
5284,0.78,0.129
5286,0.78,0.129
5288,0.78,0.13
5290,0.78,0.13
5292,0.78,0.13
5294,0.78,0.13
5296,0.78,0.13
5298,0.78,0.13
5300,0.78,0.13
5302,0.78,0.13
5304,0.78,0.13
5306,0.78,0.13
5308,0.78,0.131
5310,0.78,0.131
5312,0.78,0.131
5314,0.78,0.131
5316,0.78,0.131
5318,0.78,0.131
5320,0.78,0.131
5322,0.78,0.131
5324,0.78,0.131
5326,0.78,0.131
5328,0.78,0.131
5330,0.78,0.132
5332,0.78,0.132
5334,0.78,0.132
5336,0.78,0.132
5338,0.78,0.132
5340,0.78,0.132
5342,0.78,0.132
5344,0.78,0.132
5346,0.78,0.132
5348,0.78,0.132
5350,0.79,0.129
5352,0.79,0.129
5354,0.79,0.13
5356,0.79,0.13
5358,0.79,0.13
5360,0.79,0.13
5362,0.79,0.13
5364,0.79,0.13
5366,0.79,0.13
5368,0.79,0.13
5370,0.79,0.13
5372,0.79,0.13
5374,0.79,0.13
5376,0.79,0.131
5378,0.79,0.131
5380,0.79,0.131
5382,0.79,0.131
5384,0.79,0.131
5386,0.79,0.131
5388,0.79,0.131
5390,0.79,0.131
5392,0.79,0.131
5394,0.79,0.131
5396,0.79,0.131
5398,0.79,0.132
5400,0.79,0.132
5402,0.79,0.132
5404,0.79,0.132
5406,0.79,0.132
5408,0.79,0.132
5410,0.79,0.132
5412,0.79,0.132
5414,0.79,0.132
5416,0.79,0.132
5418,0.8,0.129
5420,0.8,0.129
5422,0.8,0.13
5424,0.8,0.13
5426,0.8,0.13
5428,0.8,0.13
5430,0.8,0.13
5432,0.8,0.13
5434,0.8,0.13
5436,0.8,0.13
5438,0.8,0.13
5440,0.8,0.13
5442,0.8,0.13
5444,0.8,0.131
5446,0.8,0.131
5448,0.8,0.131
5450,0.8,0.131
5452,0.8,0.131
5454,0.8,0.131
5456,0.8,0.131
5458,0.8,0.131
5460,0.8,0.131
5462,0.8,0.131
5464,0.8,0.132
5466,0.8,0.132
5468,0.8,0.132
5470,0.8,0.132
5472,0.8,0.132
5474,0.8,0.132
5476,0.8,0.132
5478,0.8,0.132
5480,0.8,0.132
5482,0.8,0.132
5484,0.8,0.132
5486,0.81,0.129
5488,0.81,0.13
5490,0.81,0.13
5492,0.81,0.13
5494,0.81,0.13
5496,0.81,0.13
5498,0.81,0.13
5500,0.81,0.13
5502,0.81,0.13
5504,0.81,0.13
5506,0.81,0.13
5508,0.81,0.13
5510,0.81,0.131
5512,0.81,0.131
5514,0.81,0.131
5516,0.81,0.131
5518,0.81,0.131
5520,0.81,0.131
5522,0.81,0.131
5524,0.81,0.131
5526,0.81,0.131
5528,0.81,0.131
5530,0.81,0.131
5532,0.81,0.132
5534,0.81,0.132
5536,0.81,0.132
5538,0.81,0.132
5540,0.81,0.132
5542,0.81,0.132
5544,0.81,0.132
5546,0.81,0.132
5548,0.81,0.132
5550,0.81,0.132
5552,0.81,0.132
5554,0.8200000000000001,0.129
5556,0.8200000000000001,0.13
5558,0.8200000000000001,0.13
5560,0.8200000000000001,0.13
5562,0.8200000000000001,0.13
5564,0.8200000000000001,0.13
5566,0.8200000000000001,0.13
5568,0.8200000000000001,0.13
5570,0.8200000000000001,0.13
5572,0.8200000000000001,0.13
5574,0.8200000000000001,0.13
5576,0.8200000000000001,0.13
5578,0.8200000000000001,0.131
5580,0.8200000000000001,0.131
5582,0.8200000000000001,0.131
5584,0.8200000000000001,0.131
5586,0.8200000000000001,0.131
5588,0.8200000000000001,0.131
5590,0.8200000000000001,0.131
5592,0.8200000000000001,0.131
5594,0.8200000000000001,0.131
5596,0.8200000000000001,0.131
5598,0.8200000000000001,0.131
5600,0.8200000000000001,0.132
5602,0.8200000000000001,0.132
5604,0.8200000000000001,0.132
5606,0.8200000000000001,0.132
5608,0.8200000000000001,0.132
5610,0.8200000000000001,0.132
5612,0.8200000000000001,0.132
5614,0.8200000000000001,0.132
5616,0.8200000000000001,0.132
5618,0.8200000000000001,0.132
5620,0.8200000000000001,0.132
5622,0.8300000000000001,0.13
5624,0.8300000000000001,0.13
5626,0.8300000000000001,0.13
5628,0.8300000000000001,0.13
5630,0.8300000000000001,0.13
5632,0.8300000000000001,0.13
5634,0.8300000000000001,0.13
5636,0.8300000000000001,0.13
5638,0.8300000000000001,0.13
5640,0.8300000000000001,0.13
5642,0.8300000000000001,0.13
5644,0.8300000000000001,0.131
5646,0.8300000000000001,0.131
5648,0.8300000000000001,0.131
5650,0.8300000000000001,0.131
5652,0.8300000000000001,0.131
5654,0.8300000000000001,0.131
5656,0.8300000000000001,0.131
5658,0.8300000000000001,0.131
5660,0.8300000000000001,0.131
5662,0.8300000000000001,0.131
5664,0.8300000000000001,0.131
5666,0.8300000000000001,0.132
5668,0.8300000000000001,0.132
5670,0.8300000000000001,0.132
5672,0.8300000000000001,0.132
5674,0.8300000000000001,0.132
5676,0.8300000000000001,0.132
5678,0.8300000000000001,0.132
5680,0.8300000000000001,0.132
5682,0.8300000000000001,0.132
5684,0.8300000000000001,0.132
5686,0.8300000000000001,0.132
5688,0.8400000000000001,0.129
5690,0.8400000000000001,0.13
5692,0.8400000000000001,0.13
5694,0.8400000000000001,0.13
5696,0.8400000000000001,0.13
5698,0.8400000000000001,0.13
5700,0.8400000000000001,0.13
5702,0.8400000000000001,0.13
5704,0.8400000000000001,0.13
5706,0.8400000000000001,0.13
5708,0.8400000000000001,0.13
5710,0.8400000000000001,0.13
5712,0.8400000000000001,0.131
5714,0.8400000000000001,0.131
5716,0.8400000000000001,0.131
5718,0.8400000000000001,0.131
5720,0.8400000000000001,0.131
5722,0.8400000000000001,0.131
5724,0.8400000000000001,0.131
5726,0.8400000000000001,0.131
5728,0.8400000000000001,0.131
5730,0.8400000000000001,0.131
5732,0.8400000000000001,0.131
5734,0.8400000000000001,0.132
5736,0.8400000000000001,0.132
5738,0.8400000000000001,0.132
5740,0.8400000000000001,0.132
5742,0.8400000000000001,0.132
5744,0.8400000000000001,0.132
5746,0.8400000000000001,0.132
5748,0.8400000000000001,0.132
5750,0.8400000000000001,0.132
5752,0.8400000000000001,0.132
5754,0.8400000000000001,0.132
5756,0.85,0.13
5758,0.85,0.13
5760,0.85,0.13
5762,0.85,0.13
5764,0.85,0.13
5766,0.85,0.13
5768,0.85,0.13
5770,0.85,0.13
5772,0.85,0.13
5774,0.85,0.13
5776,0.85,0.13
5778,0.85,0.131
5780,0.85,0.131
5782,0.85,0.131
5784,0.85,0.131
5786,0.85,0.131
5788,0.85,0.131
5790,0.85,0.131
5792,0.85,0.131
5794,0.85,0.131
5796,0.85,0.131
5798,0.85,0.131
5800,0.85,0.131
5802,0.85,0.132
5804,0.85,0.132
5806,0.85,0.132
5808,0.85,0.132
5810,0.85,0.132
5812,0.85,0.132
5814,0.85,0.132
5816,0.85,0.132
5818,0.85,0.132
5820,0.85,0.132
5822,0.85,0.132
5824,0.86,0.13
5826,0.86,0.13
5828,0.86,0.13
5830,0.86,0.13
5832,0.86,0.13
5834,0.86,0.13
5836,0.86,0.13
5838,0.86,0.13
5840,0.86,0.13
5842,0.86,0.13
5844,0.86,0.13
5846,0.86,0.131
5848,0.86,0.131
5850,0.86,0.131
5852,0.86,0.131
5854,0.86,0.131
5856,0.86,0.131
5858,0.86,0.131
5860,0.86,0.131
5862,0.86,0.131
5864,0.86,0.131
5866,0.86,0.131
5868,0.86,0.132
5870,0.86,0.132
5872,0.86,0.132
5874,0.86,0.132
5876,0.86,0.132
5878,0.86,0.132
5880,0.86,0.132
5882,0.86,0.132
5884,0.86,0.132
5886,0.86,0.132
5888,0.86,0.132
5890,0.86,0.132
5892,0.87,0.13
5894,0.87,0.13
5896,0.87,0.13
5898,0.87,0.13
5900,0.87,0.13
5902,0.87,0.13
5904,0.87,0.13
5906,0.87,0.13
5908,0.87,0.13
5910,0.87,0.13
5912,0.87,0.13
5914,0.87,0.131
5916,0.87,0.131
5918,0.87,0.131
5920,0.87,0.131
5922,0.87,0.131
5924,0.87,0.131
5926,0.87,0.131
5928,0.87,0.131
5930,0.87,0.131
5932,0.87,0.131
5934,0.87,0.131
5936,0.87,0.132
5938,0.87,0.132
5940,0.87,0.132
5942,0.87,0.132
5944,0.87,0.132
5946,0.87,0.132
5948,0.87,0.132
5950,0.87,0.132
5952,0.87,0.132
5954,0.87,0.132
5956,0.87,0.132
5958,0.87,0.132
5960,0.88,0.13
5962,0.88,0.13
5964,0.88,0.13
5966,0.88,0.13
5968,0.88,0.13
5970,0.88,0.13
5972,0.88,0.13
5974,0.88,0.13
5976,0.88,0.13
5978,0.88,0.13
5980,0.88,0.131
5982,0.88,0.131
5984,0.88,0.131
5986,0.88,0.131
5988,0.88,0.131
5990,0.88,0.131
5992,0.88,0.131
5994,0.88,0.131
5996,0.88,0.131
5998,0.88,0.131
6000,0.88,0.131
6002,0.88,0.131
6004,0.88,0.132
6006,0.88,0.132
6008,0.88,0.132
6010,0.88,0.132
6012,0.88,0.132
6014,0.88,0.132
6016,0.88,0.132
6018,0.88,0.132
6020,0.88,0.132
6022,0.88,0.132
6024,0.88,0.132
6026,0.89,0.13
6028,0.89,0.13
6030,0.89,0.13
6032,0.89,0.13
6034,0.89,0.13
6036,0.89,0.13
6038,0.89,0.13
6040,0.89,0.13
6042,0.89,0.13
6044,0.89,0.13
6046,0.89,0.13
6048,0.89,0.131
6050,0.89,0.131
6052,0.89,0.131
6054,0.89,0.131
6056,0.89,0.131
6058,0.89,0.131
6060,0.89,0.131
6062,0.89,0.131
6064,0.89,0.131
6066,0.89,0.131
6068,0.89,0.131
6070,0.89,0.132
6072,0.89,0.132
6074,0.89,0.132
6076,0.89,0.132
6078,0.89,0.132
6080,0.89,0.132
6082,0.89,0.132
6084,0.89,0.132
6086,0.89,0.132
6088,0.89,0.132
6090,0.89,0.132
6092,0.89,0.132
6094,0.9,0.13
6096,0.9,0.13
6098,0.9,0.13
6100,0.9,0.13
6102,0.9,0.13
6104,0.9,0.13
6106,0.9,0.13
6108,0.9,0.13
6110,0.9,0.13
6112,0.9,0.13
6114,0.9,0.131
6116,0.9,0.131
6118,0.9,0.131
6120,0.9,0.131
6122,0.9,0.131
6124,0.9,0.131
6126,0.9,0.131
6128,0.9,0.131
6130,0.9,0.131
6132,0.9,0.131
6134,0.9,0.131
6136,0.9,0.131
6138,0.9,0.132
6140,0.9,0.132
6142,0.9,0.132
6144,0.9,0.132
6146,0.9,0.132
6148,0.9,0.132
6150,0.9,0.132
6152,0.9,0.132
6154,0.9,0.132
6156,0.9,0.132
6158,0.9,0.132
6160,0.9,0.132
6162,0.91,0.13
6164,0.91,0.13
6166,0.91,0.13
6168,0.91,0.13
6170,0.91,0.13
6172,0.91,0.13
6174,0.91,0.13
6176,0.91,0.13
6178,0.91,0.13
6180,0.91,0.13
6182,0.91,0.131
6184,0.91,0.131
6186,0.91,0.131
6188,0.91,0.131
6190,0.91,0.131
6192,0.91,0.131
6194,0.91,0.131
6196,0.91,0.131
6198,0.91,0.131
6200,0.91,0.131
6202,0.91,0.131
6204,0.91,0.131
6206,0.91,0.132
6208,0.91,0.132
6210,0.91,0.132
6212,0.91,0.132
6214,0.91,0.132
6216,0.91,0.132
6218,0.91,0.132
6220,0.91,0.132
6222,0.91,0.132
6224,0.91,0.132
6226,0.91,0.132
6228,0.91,0.132
6230,0.92,0.13
6232,0.92,0.13
6234,0.92,0.13
6236,0.92,0.13
6238,0.92,0.13
6240,0.92,0.13
6242,0.92,0.13
6244,0.92,0.13
6246,0.92,0.13
6248,0.92,0.131
6250,0.92,0.131
6252,0.92,0.131
6254,0.92,0.131
6256,0.92,0.131
6258,0.92,0.131
6260,0.92,0.131
6262,0.92,0.131
6264,0.92,0.131
6266,0.92,0.131
6268,0.92,0.131
6270,0.92,0.131
6272,0.92,0.132
6274,0.92,0.132
6276,0.92,0.132
6278,0.92,0.132
6280,0.92,0.132
6282,0.92,0.132
6284,0.92,0.132
6286,0.92,0.132
6288,0.92,0.132
6290,0.92,0.132
6292,0.92,0.132
6294,0.92,0.132
6296,0.92,0.132
6298,0.93,0.13
6300,0.93,0.13
6302,0.93,0.13
6304,0.93,0.13
6306,0.93,0.13
6308,0.93,0.13
6310,0.93,0.13
6312,0.93,0.13
6314,0.93,0.13
6316,0.93,0.131
6318,0.93,0.131
6320,0.93,0.131
6322,0.93,0.131
6324,0.93,0.131
6326,0.93,0.131
6328,0.93,0.131
6330,0.93,0.131
6332,0.93,0.131
6334,0.93,0.131
6336,0.93,0.131
6338,0.93,0.131
6340,0.93,0.132
6342,0.93,0.132
6344,0.93,0.132
6346,0.93,0.132
6348,0.93,0.132
6350,0.93,0.132
6352,0.93,0.132
6354,0.93,0.132
6356,0.93,0.132
6358,0.93,0.132
6360,0.93,0.132
6362,0.93,0.132
6364,0.9400000000000001,0.13
6366,0.9400000000000001,0.13
6368,0.9400000000000001,0.13
6370,0.9400000000000001,0.13
6372,0.9400000000000001,0.13
6374,0.9400000000000001,0.13
6376,0.9400000000000001,0.13
6378,0.9400000000000001,0.13
6380,0.9400000000000001,0.13
6382,0.9400000000000001,0.131
6384,0.9400000000000001,0.131
6386,0.9400000000000001,0.131
6388,0.9400000000000001,0.131
6390,0.9400000000000001,0.131
6392,0.9400000000000001,0.131
6394,0.9400000000000001,0.131
6396,0.9400000000000001,0.131
6398,0.9400000000000001,0.131
6400,0.9400000000000001,0.131
6402,0.9400000000000001,0.131
6404,0.9400000000000001,0.131
6406,0.9400000000000001,0.131
6408,0.9400000000000001,0.132
6410,0.9400000000000001,0.132
6412,0.9400000000000001,0.132
6414,0.9400000000000001,0.132
6416,0.9400000000000001,0.132
6418,0.9400000000000001,0.132
6420,0.9400000000000001,0.132
6422,0.9400000000000001,0.132
6424,0.9400000000000001,0.132
6426,0.9400000000000001,0.132
6428,0.9400000000000001,0.132
6430,0.9400000000000001,0.132
6432,0.9500000000000001,0.13
6434,0.9500000000000001,0.13
6436,0.9500000000000001,0.13
6438,0.9500000000000001,0.13
6440,0.9500000000000001,0.13
6442,0.9500000000000001,0.13
6444,0.9500000000000001,0.13
6446,0.9500000000000001,0.13
6448,0.9500000000000001,0.13
6450,0.9500000000000001,0.131
6452,0.9500000000000001,0.131
6454,0.9500000000000001,0.131
6456,0.9500000000000001,0.131
6458,0.9500000000000001,0.131
6460,0.9500000000000001,0.131
6462,0.9500000000000001,0.131
6464,0.9500000000000001,0.131
6466,0.9500000000000001,0.131
6468,0.9500000000000001,0.131
6470,0.9500000000000001,0.131
6472,0.9500000000000001,0.131
6474,0.9500000000000001,0.132
6476,0.9500000000000001,0.132
6478,0.9500000000000001,0.132
6480,0.9500000000000001,0.132
6482,0.9500000000000001,0.132
6484,0.9500000000000001,0.132
6486,0.9500000000000001,0.132
6488,0.9500000000000001,0.132
6490,0.9500000000000001,0.132
6492,0.9500000000000001,0.132
6494,0.9500000000000001,0.132
6496,0.9500000000000001,0.132
6498,0.9500000000000001,0.132
6500,0.9600000000000001,0.13
6502,0.9600000000000001,0.13
6504,0.9600000000000001,0.13
6506,0.9600000000000001,0.13
6508,0.9600000000000001,0.13
6510,0.9600000000000001,0.13
6512,0.9600000000000001,0.13
6514,0.9600000000000001,0.13
6516,0.9600000000000001,0.131
6518,0.9600000000000001,0.131
6520,0.9600000000000001,0.131
6522,0.9600000000000001,0.131
6524,0.9600000000000001,0.131
6526,0.9600000000000001,0.131
6528,0.9600000000000001,0.131
6530,0.9600000000000001,0.131
6532,0.9600000000000001,0.131
6534,0.9600000000000001,0.131
6536,0.9600000000000001,0.131
6538,0.9600000000000001,0.131
6540,0.9600000000000001,0.131
6542,0.9600000000000001,0.132
6544,0.9600000000000001,0.132
6546,0.9600000000000001,0.132
6548,0.9600000000000001,0.132
6550,0.9600000000000001,0.132
6552,0.9600000000000001,0.132
6554,0.9600000000000001,0.132
6556,0.9600000000000001,0.132
6558,0.9600000000000001,0.132
6560,0.9600000000000001,0.132
6562,0.9600000000000001,0.132
6564,0.9600000000000001,0.132
6566,0.9600000000000001,0.132
6568,0.97,0.13
6570,0.97,0.13
6572,0.97,0.13
6574,0.97,0.13
6576,0.97,0.13
6578,0.97,0.13
6580,0.97,0.13
6582,0.97,0.13
6584,0.97,0.131
6586,0.97,0.131
6588,0.97,0.131
6590,0.97,0.131
6592,0.97,0.131
6594,0.97,0.131
6596,0.97,0.131
6598,0.97,0.131
6600,0.97,0.131
6602,0.97,0.131
6604,0.97,0.131
6606,0.97,0.131
6608,0.97,0.132
6610,0.97,0.132
6612,0.97,0.132
6614,0.97,0.132
6616,0.97,0.132
6618,0.97,0.132
6620,0.97,0.132
6622,0.97,0.132
6624,0.97,0.132
6626,0.97,0.132
6628,0.97,0.132
6630,0.97,0.132
6632,0.97,0.132
6634,0.98,0.13
6636,0.98,0.13
6638,0.98,0.13
6640,0.98,0.13
6642,0.98,0.13
6644,0.98,0.13
6646,0.98,0.13
6648,0.98,0.13
6650,0.98,0.131
6652,0.98,0.131
6654,0.98,0.131
6656,0.98,0.131
6658,0.98,0.131
6660,0.98,0.131
6662,0.98,0.131
6664,0.98,0.131
6666,0.98,0.131
6668,0.98,0.131
6670,0.98,0.131
6672,0.98,0.131
6674,0.98,0.131
6676,0.98,0.132
6678,0.98,0.132
6680,0.98,0.132
6682,0.98,0.132
6684,0.98,0.132
6686,0.98,0.132
6688,0.98,0.132
6690,0.98,0.132
6692,0.98,0.132
6694,0.98,0.132
6696,0.98,0.132
6698,0.98,0.132
6700,0.98,0.132
6702,0.99,0.13
6704,0.99,0.13
6706,0.99,0.13
6708,0.99,0.13
6710,0.99,0.13
6712,0.99,0.13
6714,0.99,0.13
6716,0.99,0.131
6718,0.99,0.131
6720,0.99,0.131
6722,0.99,0.131
6724,0.99,0.131
6726,0.99,0.131
6728,0.99,0.131
6730,0.99,0.131
6732,0.99,0.131
6734,0.99,0.131
6736,0.99,0.131
6738,0.99,0.131
6740,0.99,0.131
6742,0.99,0.131
6744,0.99,0.132
6746,0.99,0.132
6748,0.99,0.132
6750,0.99,0.132
6752,0.99,0.132
6754,0.99,0.132
6756,0.99,0.132
6758,0.99,0.132
6760,0.99,0.132
6762,0.99,0.132
6764,0.99,0.132
6766,0.99,0.132
